Дата начала;Цитата (казахский);Цитата (русский);Номер карточки
31.08.2026;«Оқу - білім бұлағы, білім - өмір шырағы.»;«Учение - источник знаний, знание - свет жизни.»;1
07.09.2026;«Білекті бірді жығар, білімді мыңды жығар.»;«Сильный одолеет одного, знающий - тысячу.»;2
14.09.2026;«Тіл - достықтың алтын көпірі.»;«Язык - золотой мост дружбы.»;3
21.09.2026;«Еңбек түбі - береке.»;«Плод труда - благополучие.»;4
28.09.2026;«Отан - оттан да ыстық.»;«Родина жарче огня.»;5
05.10.2026;«Туған жердей жер болмас, туған елдей ел болмас.»;«Нет земли лучше родной, нет народа лучше родного.»;6
12.10.2026;«Ел іші - алтын бесік.»;«Родная страна - золотая колыбель.»;7
19.10.2026;«Отанды сүю - отбасынан басталады.»;«Любовь к Родине начинается с семьи.»;8
02.11.2026;«Тура биде туған жоқ, туғанды биде иман жоқ.»;"«Для справедливого судьи нет родни; у судьи, потакающего родне, нет совести.»";9
09.11.2026;«Адалдық - ардың ісі.»;«Честность - дело чести.»;10
16.11.2026;«Әділдік бар жерде, шындық бар.»;«Где есть справедливость, там есть и правда.»;11
23.11.2026;«Жауапкершілік - адамгершілік қасиеттің көрінісі.»;«Ответственность - проявление нравственности.»;12
30.11.2026;«Бірлігі күшті ел озады.»;«Страна, сильная единством, идёт вперёд.»;13
07.12.2026;«Ырыс алды - ынтымақ.»;«Основа благополучия - согласие.»;14
14.12.2026;«Бірлік болмай, тірлік болмас.»;«Без единства нет жизни.»;15
21.12.2026;«Ынтымақ жүрген жерде ырыс бірге жүреді.»;«Где есть согласие, там вместе с ним приходит благополучие.»;16
04.01.2027;«Тәртіпке бас иген құл болмайды, тәртіпсіз ел болмайды.»;"«Тот, кто уважает дисциплину, не становится рабом; без дисциплины не бывает страны.»";17
11.01.2027;«Талап бар жерде тәртіп бар.»;«Где есть требовательность, там есть порядок.»;18
18.01.2027;«Ұрлық түбі - қорлық.»;«Воровство ведёт к позору.»;19
25.01.2027;«Өзіңе тілемегенді өзгеге тілеме.»;«Не желай другому того, чего не желаешь себе.»;20
01.02.2027;«Өнерлі өрге жүзер.»;«Умелый и творческий человек идёт к вершинам.»;21
08.02.2027;«Ізденген жетер мұратқа.»;«Ищущий достигает цели.»;22
15.02.2027;«Ғылым таппай мақтанба.»;«Не хвались, не овладев знанием.»;23
22.02.2027;«Жаңашылдық - заман талабы.»;«Новаторство - требование времени.»;24
01.03.2027;«Тәуелсіздік бәрінен қымбат!»;«Независимость превыше всего!»;25
08.03.2027;«Отан үшін отқа түс - күймейсің.»;«За Родину войдёшь в огонь - не сгоришь.»;26
15.03.2027;«Елінен безген ер болмас, көлінен безген қаз болмас.»;«Не станет героем тот, кто отрёкся от народа, как не бывает гуся, отрёкшегося от своего озера.»;27
22.03.2027;«Туған жерге туың тік.»;«Подними своё знамя на родной земле.»;28
29.03.2027;«Еңбек етсең ерінбей, тояды қарның тіленбей.»;«Трудись не ленясь - и не придётся просить на хлеб.»;29
05.04.2027;«Еңбек түбі - зейнет.»;«Труд в конце приносит заслуженное благо.»;30
12.04.2027;«Шебердің қолы ортақ.»;«Мастерство служит людям.»;31
19.04.2027;«Еңбек бәрін жеңбек.»;«Труд всё побеждает.»;32
26.04.2027;«Бірлік бар жерде тірлік бар.»;«Где есть единство, там есть жизнь.»;33
03.05.2027;«Ер есімі - ел есінде.»;«Имя героя живёт в памяти народа.»;34
10.05.2027;«Отан - отбасынан басталады.»;«Родина начинается с семьи.»;35
17.05.2027;«Ата көрген оқ жонар, ана көрген тон пішер.»;«Дети перенимают мастерство и жизненный опыт у родителей.»;36
